[{"id":"user-image-174848.png","publicUrl":"np://user.desktop.nicepage.com/Site_145636010/images/174848.png","size":1498,"hash":"Q3Ovljf6pk0MIGMUk2wEOoA58XA=","fileName":"174848.png","name":"174848","width":128,"height":128,"thumbnail":{"url":"np://user.desktop.nicepage.com/Site_145636010/images/thumbnails/174848.png","width":128,"height":128,"length":1498,"type":"png"},"folderId":null,"usages":["13692082"]},{"id":"user-image-1077042.png","publicUrl":"np://user.desktop.nicepage.com/Site_145636010/images/1077042.png","size":3891,"hash":"6Iw8jNB0OwPGbX7ZWE5gnsY8wx4=","fileName":"1077042.png","name":"1077042","width":128,"height":128,"thumbnail":{"url":"np://user.desktop.nicepage.com/Site_145636010/images/thumbnails/1077042.png","width":128,"height":128,"length":3891,"type":"png"},"folderId":null,"usages":["13692082"]},{"id":"user-image-732200.png","publicUrl":"np://user.desktop.nicepage.com/Site_145636010/images/732200.png","size":3212,"hash":"zuEixmNZlytvA7gVeB0s0SHufFY=","fileName":"732200.png","name":"732200","width":128,"height":128,"thumbnail":{"url":"np://user.desktop.nicepage.com/Site_145636010/images/thumbnails/732200.png","width":128,"height":128,"length":3212,"type":"png"},"folderId":null,"usages":["13692082"]},{"id":"user-image-WhatsAppImage2023-11-18at11.53.00.jpeg","publicUrl":"np://user.desktop.nicepage.com/Site_145636010/images/WhatsAppImage2023-11-18at11.53.00.jpeg","size":674845,"hash":"aHRMCi/oL7pIp4hQqyW2OfY2kcU=","fileName":"WhatsAppImage2023-11-18at11.53.00.jpeg","name":"WhatsAppImage2023-11-18at11.53.00","width":3084,"height":4160,"thumbnail":{"url":"np://user.desktop.nicepage.com/Site_145636010/images/thumbnails/WhatsAppImage2023-11-18at11.53.00.jpeg","width":185,"height":250},"folderId":null,"usages":["13692082"]},{"id":"user-image-pexels-photo-9392381.jpeg","publicUrl":"np://user.desktop.nicepage.com/Site_145636010/images/pexels-photo-9392381.jpeg","size":63722,"hash":"U818aLWbqUKr2dIZ7JFoWRcOZSs=","fileName":"pexels-photo-9392381.jpeg","name":"pexels-photo-9392381","width":720,"height":1080,"thumbnail":{"url":"np://user.desktop.nicepage.com/Site_145636010/images/thumbnails/pexels-photo-9392381.jpeg","width":167,"height":250},"folderId":null,"originalUrl":"//images01.nicepagecdn.com/a1389d7bc73adea1e1c1fb7e/e56a1c2f634f59a7a6e43f7c/pexels-photo-9392381.jpeg","usages":["13692082"]},{"id":"user-image-pexels-photo-129208.jpeg","publicUrl":"np://user.desktop.nicepage.com/Site_145636010/images/pexels-photo-129208.jpeg","size":73558,"hash":"BXXFarenFDKbEvCyhTaZwZIJ1EU=","fileName":"pexels-photo-129208.jpeg","name":"pexels-photo-129208","width":1618,"height":1080,"thumbnail":{"url":"np://user.desktop.nicepage.com/Site_145636010/images/thumbnails/pexels-photo-129208.jpeg","width":250,"height":167},"folderId":null,"originalUrl":"//images01.nicepagecdn.com/a1389d7bc73adea1e1c1fb7e/622d4d3253bd5cfead8db563/pexels-photo-129208.jpeg","usages":["13692082"]}]